{"cameraMode":{"drawMode":0,"name":"Shaded","section":"Shading Mode"},"sceneLighting":false,"audioPlay":false,"sceneViewState":{"m_AlwaysRefresh":false,"showFog":true,"showSkybox":false,"showFlares":true,"showImageEffects":true,"showParticleSystems":true,"showVisualEffectGraphs":true,"m_FxEnabled":true},"in2DMode":false,"pivot":{"x":-10.924797058105469,"y":1.002964973449707,"z":-0.5987519025802612},"rotation":{"x":-0.004274026025086641,"y":-0.7017726302146912,"z":-0.0042111934162676338,"w":0.7123790383338928},"size":8.450963973999024,"orthographic":false}