{"cameraMode":{"drawMode":0,"name":"Shaded","section":"Shading Mode"},"sceneLighting":true,"audioPlay":false,"sceneViewState":{"m_AlwaysRefresh":false,"showFog":true,"showSkybox":true,"showFlares":true,"showImageEffects":true,"showParticleSystems":true,"showVisualEffectGraphs":true,"m_FxEnabled":true},"in2DMode":false,"pivot":{"x":127.76082611083985,"y":25.549999237060548,"z":115.4051513671875},"rotation":{"x":0.21829813718795777,"y":-0.1370808482170105,"z":0.030981792137026788,"w":0.9657200574874878},"size":1.224748134613037,"orthographic":true}