{"cameraMode":{"drawMode":0,"name":"Shaded","section":"Shading Mode"},"sceneLighting":true,"audioPlay":false,"sceneViewState":{"m_AlwaysRefresh":false,"showFog":true,"showSkybox":true,"showFlares":true,"showImageEffects":true,"showParticleSystems":true,"showVisualEffectGraphs":true,"m_FxEnabled":true},"in2DMode":false,"pivot":{"x":0.25758886337280276,"y":20.348316192626954,"z":-0.025078535079956056},"rotation":{"x":0.21829813718795777,"y":-0.1370808482170105,"z":0.030981792137026788,"w":0.9657200574874878},"size":6.200130462646484,"orthographic":true}